file	line	occurrence_text	bucket	action
tests/phase-07/test_kahneman_moved.sh	3	wiki/ content dirs k	1-cloud	wiki-cloud/
tests/phase-07/test_kahneman_moved.sh	4	wiki/maintenance/ de	1-cloud	wiki-cloud/
tests/phase-07/test_kahneman_moved.sh	30	wiki/ content dirs (	1-cloud	wiki-cloud/
tests/phase-07/test_kahneman_moved.sh	33	wiki/entities wiki/c	1-cloud	wiki-cloud/
tests/phase-07/test_kahneman_moved.sh	33	wiki/concepts wiki/c	1-cloud	wiki-cloud/
tests/phase-07/test_kahneman_moved.sh	33	wiki/comparisons wik	1-cloud	wiki-cloud/
tests/phase-07/test_kahneman_moved.sh	33	wiki/overviews wiki/	1-cloud	wiki-cloud/
tests/phase-07/test_kahneman_moved.sh	33	wiki/sources; do	1-cloud	wiki-cloud/
tests/phase-07/test_kahneman_moved.sh	40	"wiki/ content dirs"""	1-cloud	wiki-cloud/
tests/phase-07/test_kahneman_moved.sh	42	wiki/ content dirs:$	1-cloud	wiki-cloud/
tests/phase-07/test_kahneman_moved.sh	65	wiki/overviews/perso	1-cloud	wiki-cloud/
tests/phase-07/test_kahneman_moved.sh	65	wiki/sources/src-202	1-cloud	wiki-cloud/
tests/phase-07/test_kahneman_moved.sh	69	wiki/maintenance/ di	1-cloud	wiki-cloud/
tests/phase-07/test_kahneman_moved.sh	70	wiki/maintenance ];	1-cloud	wiki-cloud/
tests/phase-07/test_kahneman_moved.sh	70	wiki/maintenance/ re	1-cloud	wiki-cloud/
tests/phase-07/test_kahneman_moved.sh	70	wiki/maintenance/ st	1-cloud	wiki-cloud/
tests/phase-07/test_kahneman_readme.sh	4	wiki/decisions/dr-20	1-cloud	wiki-cloud/
tests/phase-07/test_kahneman_readme.sh	34	wiki/decisions/dr-20	1-cloud	wiki-cloud/
tests/phase-07/test_lint_exclude.sh	19	wiki/marked.md (with	1-cloud	wiki-cloud/
tests/phase-07/test_lint_exclude.sh	30	wiki/marked.md'; the	1-cloud	wiki-cloud/
tests/phase-07/test_lint_exclude.sh	31	wiki/marked.md not l	1-cloud	wiki-cloud/
tests/phase-07/test_lint_exclude.sh	33	wiki/marked.md appea	1-cloud	wiki-cloud/
tests/phase-07/test_lint_exclude.sh	35	wiki/marked.md' | he	1-cloud	wiki-cloud/
tests/phase-07/test_no_stale_kahneman_paths.sh	3	wiki/.../kahneman/..	1-cloud	wiki-cloud/
tests/phase-07/test_no_stale_kahneman_paths.sh	12	wiki/index.md wiki/l	1-cloud	wiki-cloud/
tests/phase-07/test_no_stale_kahneman_paths.sh	12	wiki/log.md; do	1-cloud	wiki-cloud/
tests/phase-07/test_no_stale_kahneman_paths.sh	21	wiki/(entities|conce	1-cloud	wiki-cloud/
tests/phase-07/test_no_stale_kahneman_paths.sh	29	wiki/.../kahneman/..	1-cloud	wiki-cloud/
tests/phase-07/test_release_allowlist.sh	22	"wiki/entities"""	1-cloud	wiki-cloud/
tests/phase-07/test_release_allowlist.sh	23	"wiki/concepts"""	1-cloud	wiki-cloud/
tests/phase-07/test_release_allowlist.sh	24	"wiki/comparisons"""	1-cloud	wiki-cloud/
tests/phase-07/test_release_allowlist.sh	25	"wiki/overviews"""	1-cloud	wiki-cloud/
tests/phase-07/test_release_allowlist.sh	26	"wiki/sources"""	1-cloud	wiki-cloud/
tests/phase-07/test_wiki_skeleton.sh	3	wiki/ contains only	1-cloud	wiki-cloud/
tests/phase-07/test_wiki_skeleton.sh	17	wiki/ top level clea	1-cloud	wiki-cloud/
tests/phase-07/test_wiki_skeleton.sh	19	"wiki/: $UNEXPECTED"""	1-cloud	wiki-cloud/
tests/phase-07/test_wiki_skeleton.sh	25	wiki/index.md)	1-cloud	wiki-cloud/
tests/phase-07/test_wiki_skeleton.sh	27	wiki/index.md is ske	1-cloud	wiki-cloud/
tests/phase-07/test_wiki_skeleton.sh	29	wiki/index.md too lo	1-cloud	wiki-cloud/
tests/phase-08/test_canonical_byte_equality.sh	59	wiki/decisions/dr-20	1-cloud	wiki-cloud/
tests/phase-08/test_canonical_byte_equality.sh	61	wiki/index.md edited	1-cloud	wiki-cloud/
tests/phase-08/test_canonical_byte_equality.sh	62	"wiki/index.md"""	1-cloud	wiki-cloud/
tests/phase-08/test_canonical_byte_equality.sh	63	"wiki/index.md"" ""Deci"	1-cloud	wiki-cloud/
tests/phase-08/test_canonical_byte_equality.sh	64	"wiki/index.md"")"" -eq"	1-cloud	wiki-cloud/
tests/phase-08/test_manual_setup_file_list.sh	15	wiki/decisions/' 'wi	1-cloud	wiki-cloud/
tests/phase-08/test_manual_setup_file_list.sh	15	wiki/index\.md'; do	1-cloud	wiki-cloud/
tests/phase-08/test_manual_setup_file_list.sh	22	wiki/decisions/, wik	1-cloud	wiki-cloud/
tests/phase-08/test_manual_setup_file_list.sh	22	wiki/index.md) (MANU	1-cloud	wiki-cloud/
tests/phase-08/test_manual_setup_inline_templates.sh	4	wiki/index.md append	1-cloud	wiki-cloud/
tests/phase-08/test_manual_setup_inline_templates.sh	18	wiki/decisions/dr-${	1-cloud	wiki-cloud/
tests/phase-08/test_manual_setup_inline_templates.sh	19	wiki/decisions/dr-\$	1-cloud	wiki-cloud/
tests/phase-08/test_manual_setup_inline_templates.sh	45	wiki/index.md wikili	1-cloud	wiki-cloud/
tests/phase-08/test_manual_setup_inline_templates.sh	47	wiki/index.md wikili	1-cloud	wiki-cloud/
tests/phase-08/test_manual_setup_inline_templates.sh	52	"wiki/decisions)' ""$D"	1-cloud	wiki-cloud/
tests/phase-08/test_manual_setup_inline_templates.sh	54	"wiki/decisions)' ""$D"	1-cloud	wiki-cloud/
tests/phase-08/test_manual_setup_inline_templates.sh	58	wiki/index.md append	1-cloud	wiki-cloud/
tests/phase-08/test_wizard_decision_record.sh	3	wiki/decisions/dr-<T	1-cloud	wiki-cloud/
tests/phase-08/test_wizard_decision_record.sh	22	wiki/decisions/dr-20	1-cloud	wiki-cloud/
tests/phase-08/test_wizard_index_md.sh	3	wiki/index.md is upd	1-cloud	wiki-cloud/
tests/phase-08/test_wizard_index_md.sh	17	wiki/index.md update	1-cloud	wiki-cloud/
tests/phase-08/test_wizard_index_md.sh	26	"wiki/index.md"" ""$WOR"	1-cloud	wiki-cloud/
tests/phase-08/test_wizard_index_md.sh	26	"wiki/index.md"""	1-cloud	wiki-cloud/
tests/phase-08/test_wizard_index_md.sh	31	"wiki/index.md"" ""Deci"	1-cloud	wiki-cloud/
tests/phase-08/test_wizard_index_md.sh	33	"wiki/index.md"" ""Deci"	1-cloud	wiki-cloud/
tests/phase-08/test_wizard_index_md.sh	35	"wiki/index.md"")"""	1-cloud	wiki-cloud/
tests/phase-08/test_wizard_index_md.sh	47	"wiki/index.md"" <<'EO"	1-cloud	wiki-cloud/
tests/phase-08/test_wizard_index_md.sh	78	"wiki/index.md"")"""	1-cloud	wiki-cloud/
tests/phase-08/test_wizard_index_md.sh	81	"wiki/index.md"")"""	1-cloud	wiki-cloud/
tests/phase-08/test_wizard_index_md.sh	91	"wiki/index.md"" <<'EO"	1-cloud	wiki-cloud/
tests/phase-08/test_wizard_partial_failure.sh	4	wiki/index.md with T	1-cloud	wiki-cloud/
tests/phase-08/test_wizard_partial_failure.sh	21	"wiki/decisions"""	1-cloud	wiki-cloud/
tests/phase-08/test_wizard_partial_failure.sh	27	wiki/index.md with T	1-cloud	wiki-cloud/
tests/phase-08/test_wizard_partial_failure.sh	28	"wiki/index.md"" <<'EO"	1-cloud	wiki-cloud/
tests/phase-08/test_wizard_partial_failure.sh	96	wiki/decisions/ shou	1-cloud	wiki-cloud/
tests/phase-08/test_wizard_partial_failure.sh	97	"wiki/decisions/""dr-*"	1-cloud	wiki-cloud/
tests/phase-08/test_wizard_partial_failure.sh	98	wiki/decisions/dr-*-	1-cloud	wiki-cloud/
tests/phase-08/test_wizard_partial_failure.sh	99	"wiki/decisions/"" >&2"	1-cloud	wiki-cloud/
tests/phase-09/test_annotation_shim.sh	12	"wiki/x.md"",""line"":5,"	1-cloud	wiki-cloud/
tests/phase-09/test_annotation_shim.sh	15	"wiki/x.md"" \"	1-cloud	wiki-cloud/
tests/phase-09/test_annotation_shim.sh	16	"wiki/x.md in: $OUT"""	1-cloud	wiki-cloud/
tests/phase-09/test_annotation_shim.sh	21	"wiki/y.md"",""message"""	1-cloud	wiki-cloud/
tests/phase-09/test_annotation_shim.sh	24	"wiki/y.md"" \"	1-cloud	wiki-cloud/
tests/phase-09/test_annotation_shim.sh	29	"wiki/z.md"",""message"""	1-cloud	wiki-cloud/
tests/phase-09/test_annotation_shim.sh	32	"wiki/z.md"" \"	1-cloud	wiki-cloud/
tests/phase-09/test_annotation_shim.sh	41	"wiki/f{i}.md"",""line"""	1-cloud	wiki-cloud/
tests/phase-09/test_check_privacy_wiki_ok.sh	2	wiki/** local_only I	1-cloud	wiki-cloud/
tests/phase-09/test_check_privacy_wiki_ok.sh	11	wiki/** privacy: loc	1-cloud	wiki-cloud/
tests/phase-09/test_check_privacy_wiki_ok.sh	13	"wiki/** (D-15)"""	1-cloud	wiki-cloud/
tests/phase-09/test_contributing_md.sh	25	"wiki/log\.md"" ""$C"" \"	1-cloud	wiki-cloud/
tests/phase-09/test_contributing_md.sh	26	wiki/log.md conflict	1-cloud	wiki-cloud/
tests/phase-09/test_contributing_md.sh	27	"wiki/index\.md"" ""$C"""	1-cloud	wiki-cloud/
tests/phase-09/test_contributing_md.sh	28	wiki/index.md confli	1-cloud	wiki-cloud/
tests/phase-09/test_lint_ci_mode.sh	12	"wiki/index.md"" <<'ID"	1-cloud	wiki-cloud/
tests/phase-09/test_lint_ci_mode.sh	15	"wiki/log.md"" <<'LOG'"	1-cloud	wiki-cloud/
tests/phase-09/test_lint_ci_mode.sh	21	"wiki/concepts"""	1-cloud	wiki-cloud/
tests/phase-09/test_lint_ci_mode.sh	22	wiki/concepts/broken	1-cloud	wiki-cloud/
tests/phase-09/test_lint_ci_mode.sh	40	wiki/ > /tmp/lint-ci	1-cloud	wiki-cloud/
tests/phase-09/test_lint_ci_mode.sh	47	wiki/ > /tmp/lint-no	1-cloud	wiki-cloud/
tests/phase-09/test_lint_ci_mode.sh	51	wiki/concepts/broken	1-cloud	wiki-cloud/
tests/phase-09/test_lint_ci_mode.sh	52	wiki/ > /tmp/lint-cl	1-cloud	wiki-cloud/
tests/phase-09/test_lint_contributor_check.sh	17	wiki/log.md with con	1-cloud	wiki-cloud/
tests/phase-09/test_lint_contributor_check.sh	18	wiki/decisions	1-cloud	wiki-cloud/
tests/phase-09/test_lint_contributor_check.sh	19	wiki/log.md <<'LOG'	1-cloud	wiki-cloud/
tests/phase-09/test_lint_contributor_check.sh	29	wiki/index.md so lin	1-cloud	wiki-cloud/
tests/phase-09/test_lint_contributor_check.sh	30	wiki/index.md	1-cloud	wiki-cloud/
tests/phase-09/test_lint_contributor_check.sh	34	wiki/ > /tmp/ctrb.js	1-cloud	wiki-cloud/
tests/phase-09/test_lint_contributor_check.sh	46	wiki/ > /tmp/ctrb2.j	1-cloud	wiki-cloud/
tests/phase-09/test_lint_contributor_check.sh	65	wiki/decisions	1-cloud	wiki-cloud/
tests/phase-09/test_lint_contributor_check.sh	66	wiki/index.md	1-cloud	wiki-cloud/
tests/phase-09/test_lint_contributor_check.sh	67	wiki/log.md <<'LOG'	1-cloud	wiki-cloud/
tests/phase-09/test_lint_contributor_check.sh	78	wiki/ > /tmp/ctrb3.j	1-cloud	wiki-cloud/
tests/phase-09/test_lint_count_skips.sh	12	wiki/concepts	1-cloud	wiki-cloud/
tests/phase-09/test_lint_count_skips.sh	51	wiki/concepts/other.	1-cloud	wiki-cloud/
tests/phase-09/test_lint_count_skips.sh	57	wiki/ > /tmp/skips.j	1-cloud	wiki-cloud/
tests/phase-09/test_lint_format_json.sh	16	"wiki/index.md"" <<'ID"	1-cloud	wiki-cloud/
tests/phase-09/test_lint_format_json.sh	22	"wiki/log.md"" <<'LOG'"	1-cloud	wiki-cloud/
tests/phase-09/test_lint_format_json.sh	29	wiki/maintenance/lin	1-cloud	wiki-cloud/
tests/phase-09/test_lint_format_json.sh	29	wiki/maintenance/lin	1-cloud	wiki-cloud/
tests/phase-09/test_lint_format_json.sh	31	"wiki/ 2>/dev/null)"""	1-cloud	wiki-cloud/
tests/phase-09/test_lint_format_json.sh	60	wiki/maintenance/lin	1-cloud	wiki-cloud/
tests/phase-09/test_lint_skip_category.sh	12	"wiki/concepts"""	1-cloud	wiki-cloud/
tests/phase-09/test_lint_skip_category.sh	13	"wiki/index.md"" <<'ID"	1-cloud	wiki-cloud/
tests/phase-09/test_lint_skip_category.sh	16	"wiki/log.md"" <<'LOG'"	1-cloud	wiki-cloud/
tests/phase-09/test_lint_skip_category.sh	19	wiki/concepts/broken	1-cloud	wiki-cloud/
tests/phase-09/test_lint_skip_category.sh	33	wiki/ > /tmp/skip.js	1-cloud	wiki-cloud/
tests/phase-09/test_lint_skip_category.sh	48	wiki/ > /tmp/ci.json	1-cloud	wiki-cloud/
tests/phase-09/test_lint_skip_category.sh	62	wiki/ > /tmp/cat.jso	1-cloud	wiki-cloud/
tests/phase-09/test_lint_skip_category.sh	75	wiki/ > /tmp/selfski	1-cloud	wiki-cloud/
tests/phase-09/test_lint_strict_dr_match.sh	24	wiki/concepts/attent	1-cloud	wiki-cloud/
tests/phase-09/test_lint_strict_dr_match.sh	34	wiki/concepts/attent	1-cloud	wiki-cloud/
tests/phase-09/test_lint_strict_dr_match.sh	43	wiki/concepts/attent	4-git-history	skip
tests/phase-09/test_lint_strict_dr_match.sh	47	wiki/concepts/attent	1-cloud	wiki-cloud/
tests/phase-09/test_lint_strict_dr_match.sh	51	wiki/ > /tmp/strict-	1-cloud	wiki-cloud/
tests/phase-09/test_lint_strict_dr_match.sh	61	wiki/decisions	1-cloud	wiki-cloud/
tests/phase-09/test_lint_strict_dr_match.sh	117	wiki/decisions/dr-20	1-cloud	wiki-cloud/
tests/phase-09/test_lint_strict_dr_match.sh	122	wiki/ >/dev/null 2>&	1-cloud	wiki-cloud/
tests/phase-09/test_lint_strict_dr_match.sh	148	wiki/ >/dev/null 2>&	1-cloud	wiki-cloud/
tests/phase-09/test_lint_strict_dr_match.sh	171	wiki/ > /tmp/fb-out	1-cloud	wiki-cloud/
tests/phase-09/test_lint_strict_escape_hatch.sh	17	wiki/concepts/attent	1-cloud	wiki-cloud/
tests/phase-09/test_lint_strict_escape_hatch.sh	26	wiki/concepts/attent	1-cloud	wiki-cloud/
tests/phase-09/test_lint_strict_escape_hatch.sh	30	wiki/ >/dev/null 2>&	1-cloud	wiki-cloud/
tests/phase-09/test_lint_strict_escape_hatch.sh	34	wiki/ > /tmp/eh.json	1-cloud	wiki-cloud/
tests/phase-09/test_lint_strict_escape_hatch.sh	40	wiki/concepts/attent	1-cloud	wiki-cloud/
tests/phase-09/test_lint_strict_escape_hatch.sh	50	wiki/ >/dev/null 2>&	1-cloud	wiki-cloud/
tests/phase-09/test_lint_strict_escape_hatch.sh	57	wiki/concepts/attent	1-cloud	wiki-cloud/
tests/phase-09/test_lint_strict_escape_hatch.sh	59	wiki/ >/dev/null 2>&	1-cloud	wiki-cloud/
tests/phase-09/test_lint_strict_new_page.sh	15	wiki/concepts/new-co	1-cloud	wiki-cloud/
tests/phase-09/test_lint_strict_new_page.sh	21	wiki/concepts/new-co	1-cloud	wiki-cloud/
tests/phase-09/test_lint_strict_new_page.sh	22	wiki/concepts/new-co	1-cloud	wiki-cloud/
tests/phase-09/test_lint_strict_new_page.sh	25	wiki/ > /tmp/sn-out	1-cloud	wiki-cloud/
tests/phase-09/test_lint_strict_new_page.sh	42	wiki/concepts/new-co	1-cloud	wiki-cloud/
tests/phase-09/test_lint_strict_new_page.sh	68	wiki/ >/dev/null 2>&	1-cloud	wiki-cloud/
tests/phase-09/test_lint_strict_new_page.sh	70	wiki/ 2>&1 >&2	1-cloud	wiki-cloud/
tests/phase-09/test_search_contributor.sh	2	wiki/log.md; accepts	1-cloud	wiki-cloud/
tests/phase-09/test_search_contributor.sh	13	"wiki/index.md"""	1-cloud	wiki-cloud/
tests/phase-09/test_search_contributor.sh	15	"wiki/log.md"" <<'LOG'"	1-cloud	wiki-cloud/
tests/phase-09.1/test_agents_section_16.sh	33	wiki/index\.md. firs	1-cloud	wiki-cloud/
tests/phase-09.1/test_agents_section_16.sh	35	wiki/index.md` first	1-cloud	wiki-cloud/
tests/phase-09.1/test_agents_section_16.sh	36	wiki/index.md first,	1-cloud	wiki-cloud/
tests/phase-09.1/test_decision_record.sh	2	wiki/decisions/dr-20	1-cloud	wiki-cloud/
tests/phase-09.1/test_decision_record.sh	9	wiki/decisions/dr-20	1-cloud	wiki-cloud/
tests/phase-09.1/test_decision_record.sh	75	wiki/decisions/dr-20	1-cloud	wiki-cloud/
tests/phase-09.1/test_wiki_index_decisions.sh	2	wiki/index.md contai	1-cloud	wiki-cloud/
tests/phase-09.1/test_wiki_index_decisions.sh	3	wiki/index.md curren	1-cloud	wiki-cloud/
tests/phase-09.1/test_wiki_index_decisions.sh	9	"wiki/index.md"""	1-cloud	wiki-cloud/
tests/phase-09.1/test_wiki_index_decisions.sh	13	wiki/index.md missin	1-cloud	wiki-cloud/
tests/phase-09.1/test_wiki_index_decisions.sh	16	wiki/index.md missin	1-cloud	wiki-cloud/
tests/phase-09.1/test_wiki_index_decisions.sh	18	wiki/index.md has De	1-cloud	wiki-cloud/
tests/phase-10/test_brownfield_scan_confidence.sh	19	wiki/entities/SomeEn	1-cloud	wiki-cloud/
tests/phase-10/test_brownfield_scan_confidence.sh	26	wiki/concepts/some-c	1-cloud	wiki-cloud/
tests/phase-10/test_brownfield_scan_confidence.sh	33	wiki/sources/src-202	1-cloud	wiki-cloud/
tests/phase-10/test_brownfield_scan_report.sh	6	wiki/entities/SomeEn	1-cloud	wiki-cloud/
tests/phase-10/test_brownfield_scan_report.sh	27	wiki/entities/SomeEn	1-cloud	wiki-cloud/
tests/phase-10/test_ingest_strip_bootstrap_stage.sh	22	wiki/entities/ingest	1-cloud	wiki-cloud/
tests/phase-10/test_lint_brownfield_stale_30d.sh	18	"wiki/concepts"" ""$tmp"	1-cloud	wiki-cloud/
tests/phase-10/test_lint_brownfield_stale_30d.sh	18	"wiki/sources"" ""$tmp/"	1-cloud	wiki-cloud/
tests/phase-10/test_lint_brownfield_stale_30d.sh	18	"wiki/maintenance"""	1-cloud	wiki-cloud/
tests/phase-10/test_lint_brownfield_stale_30d.sh	19	wiki/concepts/bootst	1-cloud	wiki-cloud/
tests/phase-10/test_lint_brownfield_stale_30d.sh	19	"wiki/concepts/"""	1-cloud	wiki-cloud/
tests/phase-10/test_lint_brownfield_stale_30d.sh	20	wiki/concepts/bootst	1-cloud	wiki-cloud/
tests/phase-10/test_lint_brownfield_stale_30d.sh	20	"wiki/concepts/"""	1-cloud	wiki-cloud/
tests/phase-10/test_lint_brownfield_stale_30d.sh	27	wiki/concepts/bootst	1-cloud	wiki-cloud/
tests/phase-10/test_lint_brownfield_stale_30d.sh	36	"wiki/index.md"""	1-cloud	wiki-cloud/
tests/phase-10/test_lint_brownfield_stale_30d.sh	37	"wiki/log.md"""	1-cloud	wiki-cloud/
tests/phase-10/test_lint_ci_downgrade_bootstrapped.sh	13	"wiki/concepts"" ""$tmp"	1-cloud	wiki-cloud/
tests/phase-10/test_lint_ci_downgrade_bootstrapped.sh	13	"wiki/sources"""	1-cloud	wiki-cloud/
tests/phase-10/test_lint_ci_downgrade_bootstrapped.sh	15	wiki/concepts/bootst	1-cloud	wiki-cloud/
tests/phase-10/test_lint_ci_downgrade_bootstrapped.sh	15	"wiki/concepts/"""	1-cloud	wiki-cloud/
tests/phase-10/test_lint_ci_downgrade_bootstrapped.sh	16	"wiki/index.md"""	1-cloud	wiki-cloud/
tests/phase-10/test_lint_ci_downgrade_bootstrapped.sh	17	"wiki/log.md"""	1-cloud	wiki-cloud/
tests/phase-10/test_lint_ci_no_downgrade_when_absent.sh	13	"wiki/concepts"" ""$tmp"	1-cloud	wiki-cloud/
tests/phase-10/test_lint_ci_no_downgrade_when_absent.sh	13	"wiki/sources"""	1-cloud	wiki-cloud/
tests/phase-10/test_lint_ci_no_downgrade_when_absent.sh	17	wiki/concepts/greenf	1-cloud	wiki-cloud/
tests/phase-10/test_lint_ci_no_downgrade_when_absent.sh	41	"wiki/index.md"""	1-cloud	wiki-cloud/
tests/phase-10/test_lint_ci_no_downgrade_when_absent.sh	42	"wiki/log.md"""	1-cloud	wiki-cloud/
tests/phase-11/test_01_apply_reads_decisions_only.sh	34	wiki/concepts/attent	1-cloud	wiki-cloud/
tests/phase-11/test_01_apply_reads_decisions_only.sh	39	wiki/concepts/attent	1-cloud	wiki-cloud/
tests/phase-11/test_01_apply_reads_decisions_only.sh	48	wiki/concepts/attent	1-cloud	wiki-cloud/
tests/phase-11/test_01_dryrun_default.sh	28	wiki/ must be untouc	1-cloud	wiki-cloud/
tests/phase-11/test_01_dryrun_default.sh	29	wiki/')	1-cloud	wiki-cloud/
tests/phase-11/test_01_dryrun_default.sh	31	"wiki/:"" >&2"	1-cloud	wiki-cloud/
tests/phase-11/test_01_idempotent.sh	36	wiki/')	1-cloud	wiki-cloud/
tests/phase-11/test_01_idempotent.sh	38	"wiki/ changed:"" >&2"	1-cloud	wiki-cloud/
tests/phase-11/test_02_apply_eligible_bullets.sh	28	wiki/concepts/attent	1-cloud	wiki-cloud/
tests/phase-11/test_02_dryrun_default.sh	27	wiki/')	1-cloud	wiki-cloud/
tests/phase-11/test_02_dryrun_default.sh	29	"wiki/:"" >&2"	1-cloud	wiki-cloud/
tests/phase-11/test_02_idempotent.sh	31	wiki/')	1-cloud	wiki-cloud/
tests/phase-11/test_02_idempotent.sh	33	"wiki/ changed:"" >&2"	1-cloud	wiki-cloud/
tests/phase-11/test_02_no_magic_strings.sh	28	"wiki/"" 2>/dev/null;"	1-cloud	wiki-cloud/
tests/phase-11/test_02_skips_already_tagged.sh	29	"wiki/"" 2>/dev/null;"	1-cloud	wiki-cloud/
tests/phase-11/test_02_skips_already_tagged.sh	36	wiki/')	1-cloud	wiki-cloud/
tests/phase-11/test_02_skips_already_tagged.sh	40	wiki/') >&2	1-cloud	wiki-cloud/
tests/phase-11/test_02_top_level_bullets_only.sh	29	"wiki/concepts/$page"""	1-cloud	wiki-cloud/
tests/phase-11/test_03_advisory_only.sh	35	wiki/')	1-cloud	wiki-cloud/
tests/phase-11/test_03_advisory_only.sh	37	wiki/ (advisory-only	1-cloud	wiki-cloud/
tests/phase-11/test_03_advisory_only.sh	48	wiki/')	1-cloud	wiki-cloud/
tests/phase-11/test_03_advisory_only.sh	50	wiki/ (advisory-only	1-cloud	wiki-cloud/
tests/phase-11/test_04_advisory_only.sh	52	wiki/')	1-cloud	wiki-cloud/
tests/phase-11/test_04_advisory_only.sh	54	wiki/ (advisory-only	1-cloud	wiki-cloud/
tests/phase-11/test_04_never_flips_privacy.sh	19	"wiki/"" 2>/dev/null |"	1-cloud	wiki-cloud/
tests/phase-11/test_04_never_flips_privacy.sh	31	"wiki/"" 2>/dev/null |"	1-cloud	wiki-cloud/
tests/phase-11/test_end_to_end_happy_path.sh	84	"wiki/"" \"	1-cloud	wiki-cloud/
tests/phase-11/test_end_to_end_happy_path.sh	85	"wiki/"" \"	1-cloud	wiki-cloud/
tests/phase-11/test_suggest_respects_brownfield_ignore.sh	6	wiki/concepts/foo.md	1-cloud	wiki-cloud/
tests/phase-11/test_suggest_respects_brownfield_ignore.sh	28	wiki/concepts/foo.md	1-cloud	wiki-cloud/
tests/phase-11/test_suggest_respects_brownfield_ignore.sh	29	wiki/concepts/foo\.m	1-cloud	wiki-cloud/
tests/phase-11/test_suggest_respects_brownfield_ignore.sh	31	wiki/concepts/foo.md	1-cloud	wiki-cloud/
tests/phase-11/test_verify_promote_5_gates.sh	23	"wiki/concepts"""	1-cloud	wiki-cloud/
tests/phase-11/test_verify_promote_5_gates.sh	24	wiki/concepts/broken	1-cloud	wiki-cloud/
tests/phase-11/test_verify_promote_5_gates.sh	66	"wiki/"" | wc -l)"	1-cloud	wiki-cloud/
tests/phase-11/test_verify_promote_5_gates.sh	73	wiki/concepts/framin	1-cloud	wiki-cloud/
tests/phase-11/test_verify_promote_5_gates.sh	76	wiki/concepts/framin	1-cloud	wiki-cloud/
tests/phase-11/test_verify_promote_5_gates.sh	82	wiki/concepts/broken	1-cloud	wiki-cloud/
tests/phase-11/test_verify_promote_gate5_pending.sh	25	wiki/concepts/*.md;	1-cloud	wiki-cloud/
tests/phase-11/test_verify_promote_gate5_pending.sh	28	wiki/entities/*.md;	1-cloud	wiki-cloud/
tests/phase-11/test_verify_promote_gate5_pending.sh	31	wiki/overviews/*.md;	1-cloud	wiki-cloud/
tests/phase-11/test_verify_promote_gate5_pending.sh	58	"wiki/"" 2>/dev/null |"	1-cloud	wiki-cloud/
tests/phase-11/test_verify_readonly_default.sh	29	wiki/')	1-cloud	wiki-cloud/
tests/phase-11/test_verify_readonly_default.sh	31	wiki/ (read-only con	1-cloud	wiki-cloud/
tests/phase-11/test_verify_readonly_default.sh	37	"wiki/""; then"	1-cloud	wiki-cloud/
tests/phase-12.1/test_neut08_live_denylist_contract.sh	50	"wiki/leak.md"""	1-cloud	wiki-cloud/
tests/phase-12.1/test_neut08_live_denylist_contract.sh	70	"wiki/leak.md"" <<'PY'"	1-cloud	wiki-cloud/
tests/phase-12.2/test_hook_ordering_sync_then_gate.sh	13	wiki/concepts/foo.md	1-cloud	wiki-cloud/
tests/phase-12.2/test_hook_ordering_sync_then_gate.sh	34	wiki/sources/src-202	1-cloud	wiki-cloud/
tests/phase-12.2/test_hook_ordering_sync_then_gate.sh	62	wiki/sources/src-202	1-cloud	wiki-cloud/
tests/phase-12.2/test_hook_ordering_sync_then_gate.sh	72	wiki/concepts/foo.md	1-cloud	wiki-cloud/
tests/phase-12.2/test_hook_ordering_sync_then_gate.sh	95	wiki/concepts/foo.md	1-cloud	wiki-cloud/
tests/phase-12.2/test_hook_ordering_sync_then_gate.sh	95	wiki/concepts/foo.md	1-cloud	wiki-cloud/
tests/phase-12.2/test_hook_ordering_sync_then_gate.sh	139	wiki/concepts/foo.md	1-cloud	wiki-cloud/
tests/phase-12.2/test_hook_ordering_sync_then_gate.sh	163	wiki/concepts/foo.md	1-cloud	wiki-cloud/
tests/phase-12.2/test_no_verify_bypass_smoke.sh	21	wiki/concepts/foo.md	1-cloud	wiki-cloud/
tests/phase-12.2/test_no_verify_bypass_smoke.sh	44	wiki/concepts/foo.md	1-cloud	wiki-cloud/
tests/phase-12.2/test_staged_blocks_bootstrap_verified.sh	2	wiki/concepts/foo.md	1-cloud	wiki-cloud/
tests/phase-12.2/test_staged_blocks_bootstrap_verified.sh	13	wiki/concepts/foo.md	1-cloud	wiki-cloud/
tests/phase-12.2/test_staged_blocks_bootstrap_verified.sh	38	wiki/concepts/foo.md	1-cloud	wiki-cloud/
tests/phase-12.2/test_staged_blocks_bootstrap_verified.sh	41	"wiki/"" >/tmp/wgate-o"	1-cloud	wiki-cloud/
tests/phase-12.2/test_staged_blocks_concept_no_prov.sh	2	wiki/concepts/foo.md	1-cloud	wiki-cloud/
tests/phase-12.2/test_staged_blocks_concept_no_prov.sh	12	wiki/concepts/foo.md	1-cloud	wiki-cloud/
tests/phase-12.2/test_staged_blocks_concept_no_prov.sh	35	wiki/concepts/foo.md	1-cloud	wiki-cloud/
tests/phase-12.2/test_staged_blocks_concept_no_prov.sh	38	"wiki/"" >/tmp/wgate-o"	1-cloud	wiki-cloud/
tests/phase-12.2/test_staged_exempts_bootstrap_bootstrapped.sh	2	wiki/concepts/foo.md	1-cloud	wiki-cloud/
tests/phase-12.2/test_staged_exempts_bootstrap_bootstrapped.sh	13	wiki/concepts/foo.md	1-cloud	wiki-cloud/
tests/phase-12.2/test_staged_exempts_bootstrap_bootstrapped.sh	38	wiki/concepts/foo.md	1-cloud	wiki-cloud/
tests/phase-12.2/test_staged_exempts_bootstrap_bootstrapped.sh	41	"wiki/"" >/tmp/wgate-o"	1-cloud	wiki-cloud/
tests/phase-12.2/test_staged_exempts_examples_path.sh	43	"wiki/"" ""$REPO/exampl"	1-cloud	wiki-cloud/
tests/phase-12.2/test_staged_exempts_type_decision.sh	2	wiki/decisions/dr-20	1-cloud	wiki-cloud/
tests/phase-12.2/test_staged_exempts_type_decision.sh	6	wiki/decisions/ is N	1-cloud	wiki-cloud/
tests/phase-12.2/test_staged_exempts_type_decision.sh	16	wiki/decisions/dr-20	1-cloud	wiki-cloud/
tests/phase-12.2/test_staged_exempts_type_decision.sh	67	wiki/decisions/dr-20	1-cloud	wiki-cloud/
tests/phase-12.2/test_staged_exempts_type_decision.sh	70	"wiki/"" >/tmp/wgate-o"	1-cloud	wiki-cloud/
tests/phase-12.2/test_staged_exempts_type_source.sh	2	wiki/sources/foo.md	1-cloud	wiki-cloud/
tests/phase-12.2/test_staged_exempts_type_source.sh	12	"wiki/sources/foo.md"""	1-cloud	wiki-cloud/
tests/phase-12.2/test_staged_exempts_type_source.sh	44	wiki/sources/foo.md	1-cloud	wiki-cloud/
tests/phase-12.2/test_staged_exempts_type_source.sh	47	"wiki/"" >/tmp/wgate-o"	1-cloud	wiki-cloud/
tests/phase-12.2/test_staged_passes_concept_with_prov.sh	2	wiki/concepts/foo.md	1-cloud	wiki-cloud/
tests/phase-12.2/test_staged_passes_concept_with_prov.sh	12	wiki/concepts/foo.md	1-cloud	wiki-cloud/
tests/phase-12.2/test_staged_passes_concept_with_prov.sh	38	wiki/sources/) finds	1-cloud	wiki-cloud/
tests/phase-12.2/test_staged_passes_concept_with_prov.sh	40	wiki/sources/src-202	1-cloud	wiki-cloud/
tests/phase-12.2/test_staged_passes_concept_with_prov.sh	68	wiki/sources/src-202	1-cloud	wiki-cloud/
tests/phase-12.2/test_staged_passes_concept_with_prov.sh	70	wiki/concepts/foo.md	1-cloud	wiki-cloud/
tests/phase-12.2/test_staged_passes_concept_with_prov.sh	73	"wiki/"" >/tmp/wgate-o"	1-cloud	wiki-cloud/
tests/phase-12.2/test_staged_passes_modified_existing.sh	2	wiki/concepts/foo.md	1-cloud	wiki-cloud/
tests/phase-12.2/test_staged_passes_modified_existing.sh	13	wiki/concepts/foo.md	1-cloud	wiki-cloud/
tests/phase-12.2/test_staged_passes_modified_existing.sh	36	wiki/concepts/foo.md	1-cloud	wiki-cloud/
tests/phase-12.2/test_staged_passes_modified_existing.sh	40	wiki/concepts/foo.md	1-cloud	wiki-cloud/
tests/phase-12.2/test_staged_passes_modified_existing.sh	63	wiki/concepts/foo.md	1-cloud	wiki-cloud/
tests/phase-12.2/test_staged_passes_modified_existing.sh	66	"wiki/"" >/tmp/wgate-o"	1-cloud	wiki-cloud/
tests/phase-12.2/test_staged_requires_strict.sh	6	wiki/concepts/foo.md	1-cloud	wiki-cloud/
tests/phase-12.2/test_staged_requires_strict.sh	16	wiki/concepts/foo.md	1-cloud	wiki-cloud/
tests/phase-12.2/test_staged_requires_strict.sh	39	wiki/concepts/foo.md	1-cloud	wiki-cloud/
tests/phase-12.2/test_staged_requires_strict.sh	42	"wiki/"" >/tmp/wgate-o"	1-cloud	wiki-cloud/
tests/phase-13/lib.sh	50	wiki/sources/<id>.md	1-cloud	wiki-cloud/
tests/phase-13/test_allow_local_optin.sh	12	wiki/sources/src-al.	1-cloud	wiki-cloud/
tests/phase-13/test_allow_local_optin.sh	32	"wiki/concepts/al.md"""	1-cloud	wiki-cloud/
tests/phase-13/test_checkpoint_advance.sh	11	wiki/concepts/empty.	1-cloud	wiki-cloud/
tests/phase-13/test_checkpoint_advance.sh	29	wiki/maintenance/aud	1-cloud	wiki-cloud/
tests/phase-13/test_claim_page_privacy.sh	17	wiki/concepts/x.md',	3-resolver-test	skip
tests/phase-13/test_claim_page_privacy.sh	26	wiki/sources/src-cps	3-resolver-test	skip
tests/phase-13/test_claim_page_privacy.sh	47	wiki/concepts/cppage	3-resolver-test	skip
tests/phase-13/test_emit_worklist_partition.sh	16	wiki/sources/src-clo	1-cloud	wiki-cloud/
tests/phase-13/test_emit_worklist_partition.sh	37	wiki/sources/src-zzt	1-cloud	wiki-cloud/
tests/phase-13/test_emit_worklist_partition.sh	57	wiki/concepts/cloudy	1-cloud	wiki-cloud/
tests/phase-13/test_emit_worklist_partition.sh	67	wiki/concepts/zzloca	1-cloud	wiki-cloud/
tests/phase-13/test_json_lint_compat.sh	12	wiki/sources/src-j.m	1-cloud	wiki-cloud/
tests/phase-13/test_json_lint_compat.sh	31	"wiki/concepts/j.md"""	1-cloud	wiki-cloud/
tests/phase-13/test_local_verifier_alias.sh	13	wiki/sources/src-lv.	1-cloud	wiki-cloud/
tests/phase-13/test_local_verifier_alias.sh	33	"wiki/concepts/lv.md"""	1-cloud	wiki-cloud/
tests/phase-13/test_no_circular_verify.sh	13	wiki/sources/src-cv.	1-cloud	wiki-cloud/
tests/phase-13/test_no_circular_verify.sh	41	"wiki/concepts/cv.md"""	1-cloud	wiki-cloud/
tests/phase-13/test_no_page_mutation.sh	3	wiki/maintenance/aud	1-cloud	wiki-cloud/
tests/phase-13/test_no_page_mutation.sh	11	wiki/sources/src-m.m	1-cloud	wiki-cloud/
tests/phase-13/test_no_page_mutation.sh	30	"wiki/concepts/m.md"""	1-cloud	wiki-cloud/
tests/phase-13/test_no_page_mutation.sh	48	wiki/maintenance/ (a	1-cloud	wiki-cloud/
tests/phase-13/test_no_page_mutation.sh	48	wiki/log.md if any)	1-cloud	wiki-cloud/
tests/phase-13/test_no_page_mutation.sh	49	wiki/concepts' 'wiki	1-cloud	wiki-cloud/
tests/phase-13/test_no_page_mutation.sh	49	wiki/sources' 'wiki/	1-cloud	wiki-cloud/
tests/phase-13/test_no_page_mutation.sh	49	wiki/entities' 'wiki	1-cloud	wiki-cloud/
tests/phase-13/test_no_page_mutation.sh	49	wiki/overviews' 'wik	1-cloud	wiki-cloud/
tests/phase-13/test_no_page_mutation.sh	49	"wiki/comparisons')"""	1-cloud	wiki-cloud/
tests/phase-13/test_output_schema.sh	11	wiki/sources/src-o.m	1-cloud	wiki-cloud/
tests/phase-13/test_output_schema.sh	30	"wiki/concepts/o.md"""	1-cloud	wiki-cloud/
tests/phase-13/test_path_traversal.sh	18	wiki/sources/src-tr.	1-cloud	wiki-cloud/
tests/phase-13/test_path_traversal.sh	33	"wiki/concepts/tr.md"""	1-cloud	wiki-cloud/
tests/phase-13/test_privacy_partition_fail_closed.sh	19	wiki/sources/src-fc-	1-cloud	wiki-cloud/
tests/phase-13/test_privacy_partition_fail_closed.sh	40	wiki/sources/src-fc-	1-cloud	wiki-cloud/
tests/phase-13/test_privacy_partition_fail_closed.sh	61	wiki/concepts/fca.md	1-cloud	wiki-cloud/
tests/phase-13/test_privacy_partition_fail_closed.sh	73	wiki/concepts/fcb.md	1-cloud	wiki-cloud/
tests/phase-13/test_privacy_partition_fail_closed.sh	85	wiki/concepts/fcc.md	1-cloud	wiki-cloud/
tests/phase-13/test_raw_source_privacy.sh	16	wiki/concepts/x.md',	3-resolver-test	skip
tests/phase-13/test_raw_source_privacy.sh	24	wiki/sources/src-rs.	3-resolver-test	skip
tests/phase-13/test_raw_source_privacy.sh	49	"wiki/concepts/rs.md"""	3-resolver-test	skip
tests/phase-13/test_report_privacy_local_only.sh	11	wiki/sources/src-pr.	1-cloud	wiki-cloud/
tests/phase-13/test_report_privacy_local_only.sh	30	"wiki/concepts/pr.md"""	1-cloud	wiki-cloud/
tests/phase-13/test_report_privacy_local_only.sh	46	wiki/maintenance/aud	1-cloud	wiki-cloud/
tests/phase-13/test_report_privacy_local_only.sh	47	wiki/maintenance/aud	1-cloud	wiki-cloud/
tests/phase-13/test_resolve_img.sh	10	wiki/sources/src-im.	1-cloud	wiki-cloud/
tests/phase-13/test_resolve_img.sh	30	"wiki/concepts/im.md"""	1-cloud	wiki-cloud/
tests/phase-13/test_resolve_locator_edges.sh	14	wiki/sources/src-ed.	1-cloud	wiki-cloud/
tests/phase-13/test_resolve_locator_edges.sh	47	"wiki/concepts/a.md"""	1-cloud	wiki-cloud/
tests/phase-13/test_resolve_locator_edges.sh	59	"wiki/concepts/b.md"""	1-cloud	wiki-cloud/
tests/phase-13/test_resolve_locator_edges.sh	71	"wiki/concepts/c.md"""	1-cloud	wiki-cloud/
tests/phase-13/test_resolve_locator_edges.sh	83	"wiki/concepts/d.md"""	1-cloud	wiki-cloud/
tests/phase-13/test_resolve_locator_edges.sh	95	"wiki/concepts/e.md"""	1-cloud	wiki-cloud/
tests/phase-13/test_resolve_locator_edges.sh	109	"wiki/concepts/f.md"""	1-cloud	wiki-cloud/
tests/phase-13/test_resolve_locator_edges.sh	121	"wiki/concepts/g.md"""	1-cloud	wiki-cloud/
tests/phase-13/test_resolve_missing_raw.sh	12	wiki/sources/src-mr.	1-cloud	wiki-cloud/
tests/phase-13/test_resolve_missing_raw.sh	28	"wiki/concepts/mr.md"""	1-cloud	wiki-cloud/
tests/phase-13/test_resolve_p_marked.sh	10	wiki/sources/src-pm.	1-cloud	wiki-cloud/
tests/phase-13/test_resolve_p_marked.sh	35	"wiki/concepts/pm.md"""	1-cloud	wiki-cloud/
tests/phase-13/test_resolve_p_unmarked.sh	11	wiki/sources/src-pu.	1-cloud	wiki-cloud/
tests/phase-13/test_resolve_p_unmarked.sh	32	"wiki/concepts/pu.md"""	1-cloud	wiki-cloud/
tests/phase-13/test_resolve_para.sh	10	wiki/sources/src-pa.	1-cloud	wiki-cloud/
tests/phase-13/test_resolve_para.sh	32	"wiki/concepts/pp.md"""	1-cloud	wiki-cloud/
tests/phase-13/test_resolve_sec.sh	10	wiki/sources/src-s.m	1-cloud	wiki-cloud/
tests/phase-13/test_resolve_sec.sh	34	"wiki/concepts/p.md"""	1-cloud	wiki-cloud/
tests/phase-13/test_sampling_cap_logging.sh	11	wiki/sources/src-c.m	1-cloud	wiki-cloud/
tests/phase-13/test_sampling_cap_logging.sh	32	wiki/concepts/many.m	1-cloud	wiki-cloud/
tests/phase-13/test_select_epistemic.sh	10	wiki/sources/src-e.m	1-cloud	wiki-cloud/
tests/phase-13/test_select_epistemic.sh	31	wiki/concepts/epi.md	1-cloud	wiki-cloud/
tests/phase-13/test_select_high_fanout.sh	10	wiki/sources/src-f.m	1-cloud	wiki-cloud/
tests/phase-13/test_select_high_fanout.sh	31	wiki/concepts/hub.md	1-cloud	wiki-cloud/
tests/phase-13/test_select_high_fanout.sh	40	wiki/concepts/linker	1-cloud	wiki-cloud/
tests/phase-13/test_select_high_fanout.sh	49	wiki/concepts/linker	1-cloud	wiki-cloud/
tests/phase-13/test_select_recency.sh	10	wiki/sources/src-r.m	1-cloud	wiki-cloud/
tests/phase-13/test_select_recency.sh	31	wiki/concepts/old.md	1-cloud	wiki-cloud/
tests/phase-13/test_select_recency.sh	44	wiki/concepts/fresh.	1-cloud	wiki-cloud/
tests/phase-13/test_select_stale_source.sh	10	wiki/sources/src-sta	1-cloud	wiki-cloud/
tests/phase-13/test_select_stale_source.sh	31	wiki/concepts/drifte	1-cloud	wiki-cloud/
tests/phase-13/test_skipped_privacy.sh	14	wiki/sources/src-loc	1-cloud	wiki-cloud/
tests/phase-13/test_skipped_privacy.sh	34	"wiki/concepts/lc.md"""	1-cloud	wiki-cloud/
tests/phase-13/test_verdict_paths.sh	12	wiki/sources/src-v.m	1-cloud	wiki-cloud/
tests/phase-13/test_verdict_paths.sh	31	"wiki/concepts/v.md"""	1-cloud	wiki-cloud/
tests/phase-13/test_verifier_contract.sh	12	wiki/sources/src-c.m	1-cloud	wiki-cloud/
tests/phase-13/test_verifier_contract.sh	31	"wiki/concepts/c.md"""	1-cloud	wiki-cloud/
tests/phase-13/test_verifier_with_args.sh	13	wiki/sources/src-w.m	1-cloud	wiki-cloud/
tests/phase-13/test_verifier_with_args.sh	32	"wiki/concepts/w.md"""	1-cloud	wiki-cloud/
tests/phase-13/test_worklist_privacy_partition.sh	13	wiki/sources/src-clo	1-cloud	wiki-cloud/
tests/phase-13/test_worklist_privacy_partition.sh	34	wiki/sources/src-loc	1-cloud	wiki-cloud/
tests/phase-13/test_worklist_privacy_partition.sh	54	wiki/concepts/cloudc	1-cloud	wiki-cloud/
tests/phase-13/test_worklist_privacy_partition.sh	64	wiki/concepts/localc	1-cloud	wiki-cloud/
